farmer_id,name,mobile,aadhar,state,district,village,latitude,longitude,land_area,crop_type,last_year_yield_est,ndvi_mean,ndvi_trend,rainfall_anomaly_3mo,past_kcc_defaults,upi_txn_freq,market_price_volatility,fpo_membership_flag,distance_to_mandi_km,consent_given,created_at
FRM000001,Farmer 1,+915140958092,2899 8734 2267,Maharashtra,District 3,Village 51,15.846174,81.385984,9.53,cotton,38.72,0.629,-0.103,-34.4,0,23,13.3,0,33.2,True,2025-07-13T12:54:34.451779
FRM000002,Farmer 2,+910317315593,8989 7873 6675,Punjab,District 2,Village 74,27.497924,74.25374,1.12,rice,5.39,0.831,0.093,-19.5,0,19,11.0,1,31.3,True,2025-02-28T12:54:34.452186
FRM000003,Farmer 3,+917720722049,7184 4099 7278,Maharashtra,District 9,Village 72,29.803304,82.039182,0.93,cotton,2.45,0.514,-0.069,32.9,0,44,8.5,1,5.6,True,2025-03-02T12:54:34.452561
FRM000004,Farmer 4,+916899260334,8574 7374 7892,Punjab,District 15,Village 43,25.825943,75.067804,1.1,wheat,2.86,0.479,0.069,13.8,0,0,14.6,1,42.7,True,2025-10-27T12:54:34.452911
FRM000005,Farmer 5,+916860088382,8526 9901 6575,Karnataka,District 9,Village 62,28.249204,76.216485,1.23,maize,3.1,0.389,0.129,30.8,0,5,16.4,0,22.0,True,2025-06-13T12:54:34.453261
FRM000006,Farmer 6,+917001156400,6249 6172 2707,Uttar Pradesh,District 6,Village 32,25.684059,73.92513,3.06,rice,7.2,0.393,-0.084,5.8,0,48,11.3,0,35.4,True,2025-03-23T12:54:34.453631
FRM000007,Farmer 7,+913292236380,2959 6759 7694,Uttar Pradesh,District 18,Village 1,25.437192,83.158664,4.01,maize,9.42,0.742,-0.009,48.3,0,47,25.0,0,26.4,True,2025-03-03T12:54:34.453974
FRM000008,Farmer 8,+918822237570,2648 6539 5199,Punjab,District 3,Village 89,28.506271,80.230319,1.58,maize,7.47,0.783,-0.073,16.0,0,48,11.0,0,45.1,True,2025-08-18T12:54:34.454312
FRM000009,Farmer 9,+910025655525,6895 4354 1225,Karnataka,District 1,Village 28,24.744493,83.039904,3.2,rice,8.21,0.567,-0.015,49.4,0,3,10.9,0,37.8,True,2025-01-12T12:54:34.454671
FRM000010,Farmer 10,+912034602189,6854 7709 1569,Uttar Pradesh,District 3,Village 46,21.422762,84.566513,5.93,maize,24.86,0.324,0.148,-3.0,0,5,14.3,0,46.6,True,2025-02-18T12:54:34.455010
FRM000011,Farmer 11,+919683307261,6919 1853 5146,Haryana,District 17,Village 52,28.006085,83.872127,2.91,wheat,7.38,0.477,0.105,-36.3,0,38,12.3,1,40.9,True,2025-06-08T12:54:34.455702
FRM000012,Farmer 12,+911920729694,9308 6949 3838,Uttar Pradesh,District 9,Village 12,17.075296,73.72569,1.71,wheat,5.68,0.723,-0.085,12.3,0,44,9.9,0,35.6,True,2025-07-19T12:54:34.456360
FRM000013,Farmer 13,+919245840349,7617 3479 7484,Haryana,District 7,Village 33,25.95059,72.62031,1.99,wheat,4.72,0.602,0.064,16.0,0,15,17.9,1,22.9,True,2025-03-16T12:54:34.456760
FRM000014,Farmer 14,+910371200242,6536 4913 2066,Karnataka,District 12,Village 29,16.058531,80.351451,4.29,wheat,15.67,0.649,-0.136,-12.5,0,31,26.4,1,9.8,True,2025-11-13T12:54:34.457138
FRM000015,Farmer 15,+917384839487,3786 2122 5079,Haryana,District 4,Village 82,20.225049,84.176426,0.87,cotton,3.19,0.485,0.047,-11.5,0,33,11.5,0,35.3,True,2025-08-21T12:54:34.457505
FRM000016,Farmer 16,+918286329442,5491 8192 6588,Karnataka,District 4,Village 53,20.838025,72.140889,2.77,maize,10.73,0.707,-0.079,-12.2,0,19,25.7,0,45.0,True,2025-06-27T12:54:34.457883
FRM000017,Farmer 17,+915679819144,6541 2365 9691,Punjab,District 17,Village 71,26.422659,80.036835,1.58,maize,7.51,0.836,0.149,-44.4,0,28,13.8,0,8.9,True,2025-04-22T12:54:34.458262
FRM000018,Farmer 18,+917860280870,6029 1133 3105,Maharashtra,District 12,Village 45,22.02991,72.731943,3.83,rice,15.23,0.565,-0.037,20.5,0,18,7.8,0,2.5,True,2025-06-18T12:54:34.458597
FRM000019,Farmer 19,+912689757479,7819 4719 3745,Karnataka,District 18,Village 28,29.937471,81.060026,3.57,rice,5.89,0.809,0.126,-24.7,0,17,9.2,0,16.1,True,2025-04-19T12:54:34.458948
FRM000020,Farmer 20,+918197146705,3193 9415 8449,Punjab,District 17,Village 77,29.246999,81.434354,2.97,rice,9.16,0.318,-0.066,-8.9,0,47,9.1,1,41.5,True,2025-08-19T12:54:34.459265
FRM000021,Farmer 21,+918023007176,1249 9865 1770,Uttar Pradesh,District 18,Village 12,27.744711,75.215525,1.77,rice,2.74,0.341,0.058,3.4,0,2,18.9,1,47.3,True,2025-10-02T12:54:34.459585
FRM000022,Farmer 22,+911121385076,4177 8730 3180,Karnataka,District 4,Village 10,15.21817,76.557638,1.34,maize,5.72,0.624,-0.006,-7.9,0,13,22.6,0,8.5,True,2025-05-25T12:54:34.459886
FRM000023,Farmer 23,+915737378221,7777 8570 8956,Haryana,District 5,Village 82,16.920688,73.974735,7.8,rice,13.52,0.325,0.036,-15.3,0,42,11.0,0,8.2,True,2025-08-25T12:54:34.460208
FRM000024,Farmer 24,+910930702375,9717 9150 3125,Karnataka,District 2,Village 26,24.418506,73.062867,0.8,wheat,2.74,0.594,-0.043,39.4,0,25,22.3,0,40.4,True,2025-11-11T12:54:34.460510
FRM000025,Farmer 25,+910659803839,9258 1232 7371,Uttar Pradesh,District 15,Village 86,17.734258,79.331546,7.28,cotton,33.72,0.581,0.01,-39.3,0,34,14.9,0,37.4,True,2025-10-22T12:54:34.460814
FRM000026,Farmer 26,+913768622743,6342 1005 8489,Punjab,District 11,Village 4,18.379992,76.749639,5.86,cotton,16.57,0.486,0.12,10.8,0,44,13.3,1,2.4,True,2024-12-25T12:54:34.461121
FRM000027,Farmer 27,+910095432051,1009 1260 7038,Punjab,District 10,Village 44,21.381547,78.598935,5.16,wheat,20.8,0.751,0.066,3.5,0,44,24.2,0,17.5,True,2025-11-12T12:54:34.461431
FRM000028,Farmer 28,+917812207578,7413 7941 5820,Haryana,District 5,Village 5,29.475404,73.615864,1.33,maize,2.65,0.301,-0.115,-2.7,0,34,13.7,1,41.9,True,2024-12-21T12:54:34.461745
FRM000029,Farmer 29,+910614772625,6765 2202 9135,Haryana,District 10,Village 64,22.540806,75.018765,9.12,cotton,23.79,0.624,0.055,-4.8,0,31,16.6,0,37.9,True,2025-11-10T12:54:34.462166
FRM000030,Farmer 30,+910553737743,3891 4756 5225,Karnataka,District 19,Village 36,26.43688,83.397953,5.21,cotton,21.32,0.615,0.149,25.2,0,26,23.6,0,29.4,True,2025-02-06T12:54:34.462618
FRM000031,Farmer 31,+917334747909,7024 6109 5146,Uttar Pradesh,District 14,Village 40,22.58833,79.948905,6.19,wheat,27.2,0.827,-0.047,-27.3,0,25,28.7,0,30.1,True,2025-02-01T12:54:34.462971
FRM000032,Farmer 32,+919823895161,9666 9609 7490,Uttar Pradesh,District 17,Village 43,18.083697,82.241269,4.78,wheat,9.07,0.842,0.102,-37.5,0,39,20.2,0,37.7,True,2024-11-26T12:54:34.463316
FRM000033,Farmer 33,+910355706062,9058 1951 9914,Uttar Pradesh,District 17,Village 45,17.67054,84.493914,2.86,cotton,10.07,0.391,-0.14,-18.9,0,42,20.8,0,33.8,True,2025-02-12T12:54:34.463651
FRM000034,Farmer 34,+919921066167,1832 6954 9519,Uttar Pradesh,District 15,Village 67,16.13255,81.792201,1.12,maize,4.74,0.549,0.007,-5.9,0,37,24.1,0,18.0,True,2025-10-05T12:54:34.463978
FRM000035,Farmer 35,+919606422311,7852 7035 4594,Maharashtra,District 10,Village 2,19.859851,73.130025,2.76,rice,5.11,0.434,0.067,35.6,0,3,28.6,0,21.5,True,2025-05-14T12:54:34.464329
FRM000036,Farmer 36,+910120871868,6877 2301 3541,Maharashtra,District 4,Village 26,29.78051,78.123851,8.39,cotton,22.72,0.726,-0.041,36.1,0,21,24.5,0,29.2,True,2025-10-27T12:54:34.464668
FRM000037,Farmer 37,+918571846909,4028 8643 3681,Haryana,District 14,Village 64,16.598681,73.820241,3.09,rice,4.83,0.803,-0.115,7.7,0,16,15.1,0,36.6,True,2025-07-18T12:54:34.464990
FRM000038,Farmer 38,+915547093322,8101 8674 7122,Uttar Pradesh,District 2,Village 73,22.140756,80.627725,2.25,maize,4.09,0.724,-0.13,33.7,0,35,23.0,0,29.2,True,2025-06-24T12:54:34.465423
FRM000039,Farmer 39,+912400986072,6895 3708 2750,Karnataka,District 5,Village 80,19.082177,79.672999,3.77,wheat,10.3,0.527,0.061,9.8,0,34,25.5,1,35.3,True,2025-05-11T12:54:34.465980
FRM000040,Farmer 40,+914682716136,4042 5497 2466,Punjab,District 10,Village 17,28.732324,72.441298,9.08,maize,34.18,0.681,-0.135,17.0,0,15,28.1,0,29.3,True,2025-11-11T12:54:34.466450
FRM000041,Farmer 41,+919162916126,3032 9436 1271,Uttar Pradesh,District 12,Village 10,19.781288,80.136588,5.83,cotton,18.55,0.787,0.009,-5.9,0,38,12.9,0,40.0,True,2024-12-01T12:54:34.466935
FRM000042,Farmer 42,+917394456771,8878 6690 8827,Karnataka,District 19,Village 74,21.416597,76.996246,7.46,maize,11.27,0.557,-0.061,35.3,0,36,6.1,0,49.4,True,2025-08-10T12:54:34.467462
FRM000043,Farmer 43,+911072257883,2933 2380 2290,Punjab,District 9,Village 56,18.903501,78.698223,2.59,wheat,5.59,0.729,-0.045,-44.2,1,48,18.0,0,27.2,True,2025-01-06T12:54:34.467851
FRM000044,Farmer 44,+919154401729,2591 7183 4930,Maharashtra,District 13,Village 33,18.896307,81.404461,5.03,cotton,8.32,0.769,-0.139,-17.1,0,10,7.2,0,19.9,True,2025-03-08T12:54:34.468176
FRM000045,Farmer 45,+918269946131,9780 1294 6343,Uttar Pradesh,District 13,Village 46,28.224557,84.497099,8.75,maize,20.63,0.387,-0.102,-16.6,0,41,7.6,1,11.1,True,2025-06-23T12:54:34.468490
FRM000046,Farmer 46,+914533313050,9073 3752 9213,Punjab,District 18,Village 50,20.882268,74.333465,6.5,rice,15.67,0.649,0.012,28.0,0,29,5.5,0,42.3,True,2025-02-28T12:54:34.468798
FRM000047,Farmer 47,+913028663135,6658 4778 3896,Karnataka,District 12,Village 56,21.688541,75.557147,4.74,maize,17.84,0.627,-0.035,-43.4,0,46,17.2,1,34.8,True,2025-08-25T12:54:34.469127
FRM000048,Farmer 48,+917804713624,6655 5473 3946,Karnataka,District 14,Village 15,24.775002,76.790842,9.14,rice,41.14,0.83,0.078,-5.8,0,37,10.7,0,3.5,True,2025-06-25T12:54:34.469441
FRM000049,Farmer 49,+911580587527,7731 4117 6791,Punjab,District 15,Village 80,15.174308,72.94181,6.27,wheat,14.84,0.607,-0.082,-33.9,0,1,24.9,0,23.9,True,2025-01-19T12:54:34.469753
FRM000050,Farmer 50,+919911960725,3056 7917 4144,Maharashtra,District 7,Village 95,19.831421,84.707063,7.17,wheat,24.81,0.305,-0.052,1.8,0,12,7.1,1,19.2,True,2025-10-15T12:54:34.470065
FRM000051,Farmer 51,+919156829263,5780 2927 3356,Maharashtra,District 19,Village 44,22.213557,72.529803,8.77,wheat,35.09,0.741,-0.048,31.5,0,19,18.8,0,39.6,True,2025-09-04T12:54:34.470372
FRM000052,Farmer 52,+919734337102,5703 7563 6631,Haryana,District 4,Village 66,17.6129,84.490147,6.71,wheat,17.86,0.598,-0.002,-41.8,0,28,15.5,0,42.3,True,2024-12-25T12:54:34.470830
FRM000053,Farmer 53,+919164458576,4155 9321 4814,Maharashtra,District 6,Village 17,21.079653,79.82412,4.51,wheat,11.13,0.626,0.124,-28.9,0,39,25.9,0,39.2,True,2024-12-15T12:54:34.471377
FRM000054,Farmer 54,+918043708538,4178 7052 3734,Maharashtra,District 5,Village 76,19.96334,77.834108,2.95,rice,11.21,0.479,0.082,-36.9,1,46,10.9,1,23.2,True,2025-06-13T12:54:34.471793
FRM000055,Farmer 55,+915444002934,3289 2239 6370,Punjab,District 11,Village 98,15.590153,73.587429,7.2,rice,22.05,0.775,0.017,4.0,0,13,6.4,0,47.0,True,2025-04-22T12:54:34.472330
FRM000056,Farmer 56,+916754510669,7089 7257 8705,Karnataka,District 8,Village 47,17.435728,74.448538,8.75,wheat,27.04,0.584,-0.003,16.7,0,44,8.6,1,37.2,True,2025-04-07T12:54:34.473067
FRM000057,Farmer 57,+918088848315,2667 5114 4553,Maharashtra,District 18,Village 13,29.991206,72.626757,1.57,rice,6.75,0.805,0.03,44.1,0,47,21.3,0,33.6,True,2025-02-19T12:54:34.474018
FRM000058,Farmer 58,+912592791824,7471 3863 2177,Karnataka,District 12,Village 5,23.947282,79.09393,8.27,cotton,15.88,0.599,-0.148,-17.5,0,6,19.1,0,28.3,True,2025-01-25T12:54:34.474803
FRM000059,Farmer 59,+912345213432,8311 1105 6539,Maharashtra,District 18,Village 2,28.470458,75.16527,5.03,rice,14.48,0.602,0.074,21.5,0,20,9.9,0,33.1,True,2025-09-09T12:54:34.476203
FRM000060,Farmer 60,+910796554589,5616 1009 6752,Haryana,District 10,Village 72,22.253185,82.477903,1.66,maize,3.54,0.675,-0.096,2.5,0,48,19.2,0,48.2,True,2025-06-26T12:54:34.476917
FRM000061,Farmer 61,+911064054269,2100 7652 9632,Punjab,District 2,Village 64,17.294757,75.058063,2.75,maize,11.64,0.451,0.097,-7.6,0,17,24.2,0,22.3,True,2025-02-07T12:54:34.477458
FRM000062,Farmer 62,+917403287058,1707 2804 7704,Karnataka,District 2,Village 60,19.11241,73.032452,6.92,cotton,21.1,0.545,0.067,-48.4,0,45,7.6,1,29.8,True,2025-11-20T12:54:34.477881
FRM000063,Farmer 63,+913759348698,4083 4719 8123,Uttar Pradesh,District 3,Village 16,23.366751,81.498457,6.58,maize,16.12,0.626,0.054,-26.9,0,21,21.7,1,33.8,True,2025-10-26T12:54:34.478325
FRM000064,Farmer 64,+915313061184,3817 3496 6962,Maharashtra,District 3,Village 52,16.915702,82.738879,9.75,rice,15.32,0.705,0.081,-25.6,0,19,20.6,0,38.3,True,2025-05-19T12:54:34.478641
FRM000065,Farmer 65,+919526384211,3978 8373 6907,Haryana,District 18,Village 10,24.419251,80.765949,6.21,cotton,20.51,0.806,-0.001,49.2,0,41,17.5,0,27.9,True,2025-10-31T12:54:34.478934
FRM000066,Farmer 66,+913833151622,7488 5737 7525,Punjab,District 11,Village 50,16.826429,78.217042,5.05,wheat,13.13,0.634,-0.108,39.8,0,2,28.8,1,34.0,True,2025-03-17T12:54:34.479262
FRM000067,Farmer 67,+913335614326,2549 7140 4716,Punjab,District 2,Village 62,27.209554,79.997853,4.59,cotton,9.62,0.341,0.085,-23.5,0,15,6.6,0,49.8,True,2025-04-20T12:54:34.479630
FRM000068,Farmer 68,+914364931317,8394 4493 7164,Karnataka,District 10,Village 13,20.571129,75.456065,7.72,rice,15.29,0.594,-0.085,-48.8,0,20,10.0,0,4.0,True,2025-08-04T12:54:34.479917
FRM000069,Farmer 69,+910672406477,4456 8788 9599,Punjab,District 3,Village 24,28.426766,80.276706,6.76,rice,32.44,0.745,-0.127,-22.1,0,39,16.5,1,33.6,True,2025-11-08T12:54:34.480165
FRM000070,Farmer 70,+919507788112,2827 7979 9569,Maharashtra,District 18,Village 10,27.458017,72.893267,7.51,rice,20.54,0.463,-0.045,27.5,0,27,13.9,0,28.4,True,2025-06-29T12:54:34.480400
FRM000071,Farmer 71,+919815334207,6341 1038 5875,Maharashtra,District 9,Village 47,18.369234,76.838171,5.01,maize,9.51,0.567,0.126,2.1,0,33,8.2,0,46.5,True,2025-11-07T12:54:34.480636
FRM000072,Farmer 72,+914312675407,9706 9894 2653,Karnataka,District 19,Village 23,25.919208,73.403268,2.6,rice,12.8,0.712,0.017,-31.9,0,21,23.8,0,27.9,True,2025-10-26T12:54:34.480880
FRM000073,Farmer 73,+918946188335,3649 9505 4083,Maharashtra,District 17,Village 78,28.197247,80.548284,6.54,cotton,27.25,0.388,-0.012,-49.1,0,4,27.0,0,11.3,True,2025-11-11T12:54:34.481229
FRM000074,Farmer 74,+915457649538,6036 3563 4292,Haryana,District 14,Village 3,18.258136,73.791698,7.71,rice,29.86,0.716,0.103,-3.0,0,3,14.6,1,39.5,True,2025-04-23T12:54:34.481574
FRM000075,Farmer 75,+915432360601,1830 2651 2136,Haryana,District 15,Village 75,20.013575,82.203661,5.83,rice,20.2,0.632,0.053,30.5,0,18,17.5,0,4.8,True,2025-01-16T12:54:34.481909
FRM000076,Farmer 76,+912055024292,6017 8999 7052,Karnataka,District 17,Village 21,23.483249,84.735407,2.15,maize,8.02,0.573,-0.097,18.6,2,10,23.5,1,11.7,True,2025-09-12T12:54:34.482237
FRM000077,Farmer 77,+917834795626,4291 9461 1631,Karnataka,District 10,Village 80,17.030311,81.767876,7.21,maize,26.73,0.327,0.121,40.9,0,35,24.1,0,31.3,True,2025-05-27T12:54:34.482571
FRM000078,Farmer 78,+911737649978,5260 3361 7164,Haryana,District 18,Village 69,20.21015,83.697833,8.53,cotton,20.79,0.386,0.106,-45.3,0,42,8.5,0,21.7,True,2025-07-17T12:54:34.482913
FRM000079,Farmer 79,+910719865001,2517 4648 2537,Haryana,District 16,Village 57,27.759241,79.295896,2.32,cotton,6.22,0.47,0.134,46.7,0,32,8.8,0,14.0,True,2025-09-20T12:54:34.483273
FRM000080,Farmer 80,+919335774538,7823 3105 4867,Haryana,District 17,Village 63,20.096662,83.337764,8.69,wheat,27.03,0.712,-0.063,28.7,0,9,29.5,1,25.9,True,2025-09-20T12:54:34.483612
FRM000081,Farmer 81,+918344768719,7971 4525 3822,Uttar Pradesh,District 16,Village 3,17.800849,73.222469,9.14,rice,30.93,0.574,-0.118,15.7,0,49,7.3,0,11.4,True,2025-03-11T12:54:34.483934
FRM000082,Farmer 82,+916064413596,4711 9004 7274,Haryana,District 1,Village 68,16.251961,83.471413,2.1,cotton,6.89,0.629,-0.14,-13.6,0,47,8.8,0,31.5,True,2025-02-17T12:54:34.484256
FRM000083,Farmer 83,+914715294790,2715 7450 6433,Haryana,District 11,Village 57,27.324553,77.970448,2.49,maize,7.05,0.835,-0.049,-20.4,0,5,22.8,0,24.6,True,2025-02-19T12:54:34.484576
FRM000084,Farmer 84,+910766239854,7370 1948 9179,Punjab,District 14,Village 76,17.50698,80.518671,8.49,maize,26.75,0.839,0.04,-37.4,0,1,12.9,0,34.7,True,2025-10-17T12:54:34.484895
FRM000085,Farmer 85,+913087795658,5178 8789 3946,Uttar Pradesh,District 10,Village 19,23.199723,76.945207,1.06,rice,4.93,0.658,0.112,-50.0,0,33,16.2,0,43.5,True,2025-05-08T12:54:34.485211
FRM000086,Farmer 86,+910738428833,1987 8804 8789,Maharashtra,District 9,Village 55,18.949737,72.599606,9.83,maize,36.11,0.608,0.038,3.3,0,13,10.5,0,5.3,True,2025-11-09T12:54:34.485554
FRM000087,Farmer 87,+913201707675,7317 1526 7748,Punjab,District 8,Village 21,16.407859,83.825149,3.21,rice,9.64,0.447,0.087,7.3,0,47,25.8,0,7.5,True,2025-01-22T12:54:34.485932
FRM000088,Farmer 88,+916555810597,4451 8616 3800,Maharashtra,District 3,Village 40,26.153909,78.581459,7.99,wheat,29.89,0.672,-0.11,-26.6,0,2,21.3,1,30.8,True,2025-07-06T12:54:34.486369
FRM000089,Farmer 89,+915887408074,3866 1182 4112,Karnataka,District 7,Village 13,23.58073,78.66468,5.01,cotton,17.86,0.595,0.106,-45.1,0,19,7.7,0,40.5,True,2025-05-17T12:54:34.486776
FRM000090,Farmer 90,+917866031113,1989 4744 9611,Uttar Pradesh,District 18,Village 19,29.325908,82.675578,4.78,cotton,22.72,0.391,-0.033,23.0,0,44,20.2,0,41.5,True,2025-03-31T12:54:34.487053
FRM000091,Farmer 91,+918623541527,7401 5008 3466,Maharashtra,District 11,Village 65,24.541441,83.87273,9.05,maize,26.39,0.477,0.075,-8.7,0,9,14.0,0,2.5,True,2025-01-18T12:54:34.487311
FRM000092,Farmer 92,+919122867985,2635 5000 4361,Haryana,District 5,Village 7,19.130718,75.982075,9.15,rice,39.59,0.419,-0.01,31.7,0,20,22.3,0,34.3,True,2025-05-13T12:54:34.487599
FRM000093,Farmer 93,+913750301477,1442 7218 5652,Punjab,District 4,Village 26,27.707092,78.904109,3.79,rice,7.73,0.314,0.044,13.7,0,30,24.8,0,6.9,True,2025-06-23T12:54:34.487845
FRM000094,Farmer 94,+911803053448,3352 2932 9556,Uttar Pradesh,District 19,Village 3,22.110096,77.77366,4.19,wheat,8.62,0.313,0.077,-4.1,0,36,25.9,0,20.0,True,2025-10-14T12:54:34.488250
FRM000095,Farmer 95,+912021758792,3567 2307 9848,Karnataka,District 5,Village 36,24.393515,78.355672,2.35,wheat,4.0,0.488,-0.069,46.6,0,0,19.5,0,23.3,True,2025-07-01T12:54:34.488972
FRM000096,Farmer 96,+912293569350,9125 3454 5494,Uttar Pradesh,District 11,Village 64,15.516919,84.6049,9.14,cotton,36.81,0.593,0.111,-36.9,0,27,6.4,1,24.4,True,2025-03-21T12:54:34.489462
FRM000097,Farmer 97,+910072524615,4420 6845 5778,Haryana,District 3,Village 54,27.80943,77.708948,7.39,cotton,34.24,0.551,-0.017,10.2,0,6,28.9,0,7.2,True,2025-01-31T12:54:34.489858
FRM000098,Farmer 98,+913840477480,4747 4175 5897,Karnataka,District 14,Village 78,15.034763,72.574105,3.91,maize,16.86,0.453,-0.087,45.7,0,18,10.0,1,6.3,True,2025-03-10T12:54:34.490230
FRM000099,Farmer 99,+911197162767,4965 6686 4701,Uttar Pradesh,District 7,Village 53,26.917733,81.192124,3.81,wheat,7.2,0.745,0.134,-42.8,1,37,12.5,0,26.0,True,2025-02-03T12:54:34.490791
FRM000100,Farmer 100,+913113475367,6585 7046 5945,Punjab,District 2,Village 75,27.32148,79.210546,6.58,rice,32.44,0.632,-0.043,14.8,0,16,23.0,1,23.8,True,2024-11-29T12:54:34.491185
FRM000101,Farmer 101,+918028133122,3224 9389 7091,Punjab,District 19,Village 37,29.106728,73.075301,3.52,maize,5.28,0.581,-0.136,-22.4,0,22,19.6,0,18.3,True,2025-05-23T12:54:34.491539
FRM000102,Farmer 102,+918432249045,6423 3587 6672,Haryana,District 3,Village 47,29.261591,81.133027,5.86,cotton,27.89,0.764,0.053,-36.1,0,42,21.7,1,38.5,True,2025-07-02T12:54:34.491889
FRM000103,Farmer 103,+916187763125,4220 1539 2461,Uttar Pradesh,District 1,Village 21,24.715698,82.351128,4.01,maize,6.76,0.722,-0.025,32.2,0,15,14.3,1,37.1,True,2025-03-18T12:54:34.492240
FRM000104,Farmer 104,+918250537839,4259 4923 5214,Uttar Pradesh,District 16,Village 47,16.865526,77.377355,6.84,cotton,29.95,0.73,0.013,-40.0,0,12,14.5,0,2.9,True,2025-08-13T12:54:34.492575
FRM000105,Farmer 105,+914363287068,9835 9386 9680,Haryana,District 2,Village 98,22.769408,76.525243,8.64,maize,30.37,0.342,-0.035,-13.2,0,6,5.4,0,39.1,True,2025-05-04T12:54:34.492910
FRM000106,Farmer 106,+916989892477,6102 8006 4483,Maharashtra,District 11,Village 65,18.074718,81.433154,5.0,cotton,8.51,0.827,0.133,28.5,2,49,21.1,0,39.3,True,2025-10-07T12:54:34.493265
FRM000107,Farmer 107,+911944555192,6085 6637 2116,Maharashtra,District 8,Village 44,17.014123,84.453144,3.7,cotton,14.96,0.596,-0.132,19.0,0,49,5.2,1,23.5,True,2025-04-04T12:54:34.493624
FRM000108,Farmer 108,+914812665519,1619 1882 9988,Punjab,District 2,Village 17,29.717156,79.404017,1.8,maize,8.98,0.59,-0.032,15.9,0,3,28.8,1,36.2,True,2025-08-10T12:54:34.494225
FRM000109,Farmer 109,+915849349479,5967 3369 4638,Karnataka,District 8,Village 48,23.47628,82.03115,9.55,cotton,46.66,0.516,0.106,27.3,0,29,21.0,1,9.8,True,2025-08-26T12:54:34.494639
FRM000110,Farmer 110,+913422069013,5956 1692 4162,Karnataka,District 18,Village 68,22.22324,80.260767,2.84,wheat,8.25,0.792,-0.15,40.1,0,26,28.9,0,26.6,True,2025-08-03T12:54:34.494975
FRM000111,Farmer 111,+917242922666,7297 8812 5557,Haryana,District 4,Village 23,29.256888,79.56109,8.83,rice,43.38,0.315,0.102,25.2,0,0,9.4,1,15.6,True,2024-11-28T12:54:34.495309
FRM000112,Farmer 112,+917317793218,7614 4252 8415,Haryana,District 13,Village 69,21.141181,82.541422,2.44,maize,8.72,0.402,-0.051,35.5,0,26,6.7,1,26.3,True,2024-12-09T12:54:34.495633
FRM000113,Farmer 113,+913523846914,7680 1205 8352,Karnataka,District 16,Village 47,28.241016,72.674712,7.77,wheat,11.66,0.529,0.007,-44.5,1,6,10.1,0,23.0,True,2025-04-11T12:54:34.495950
FRM000114,Farmer 114,+913384450082,2104 8361 5199,Karnataka,District 15,Village 96,15.636334,75.44924,5.65,cotton,11.44,0.509,-0.026,25.4,0,33,24.5,0,47.7,True,2025-05-11T12:54:34.496285
FRM000115,Farmer 115,+916002933102,9234 2907 4490,Haryana,District 8,Village 78,26.470787,80.723719,7.43,rice,33.53,0.451,0.092,-30.5,0,5,21.6,0,7.7,True,2025-01-15T12:54:34.496601
FRM000116,Farmer 116,+912298336175,1882 5408 5068,Haryana,District 8,Village 7,16.777385,84.499673,4.66,rice,10.82,0.688,0.095,4.6,1,18,15.7,0,25.1,True,2025-05-03T12:54:34.496911
FRM000117,Farmer 117,+918457018254,9058 3606 8846,Uttar Pradesh,District 4,Village 33,24.319387,76.34265,8.58,maize,42.36,0.645,-0.076,-33.7,0,11,12.2,0,18.9,True,2025-07-07T12:54:34.497218
FRM000118,Farmer 118,+918419380062,7241 9399 6633,Uttar Pradesh,District 10,Village 38,29.560148,73.472946,7.96,maize,28.69,0.845,-0.052,44.1,0,7,6.7,0,10.6,True,2025-11-03T12:54:34.497526
FRM000119,Farmer 119,+919805831302,7409 5757 3994,Uttar Pradesh,District 16,Village 21,15.22666,84.5452,6.16,wheat,12.94,0.809,-0.129,-7.0,0,18,20.6,1,14.8,True,2025-03-22T12:54:34.497923
FRM000120,Farmer 120,+915509151234,8294 4676 3426,Maharashtra,District 9,Village 27,24.258735,81.612307,7.16,wheat,27.79,0.524,-0.145,8.3,0,35,28.5,0,36.8,True,2025-03-22T12:54:34.498239
FRM000121,Farmer 121,+911712901691,5370 6283 8610,Punjab,District 13,Village 46,18.216097,75.520482,5.7,maize,21.91,0.685,-0.089,15.4,0,46,23.5,0,13.9,True,2024-12-02T12:54:34.498553
FRM000122,Farmer 122,+911959731411,1062 8829 8352,Uttar Pradesh,District 13,Village 4,15.525119,82.235853,5.45,rice,9.49,0.504,0.126,8.4,0,48,26.6,1,43.3,True,2025-04-25T12:54:34.498859
FRM000123,Farmer 123,+911623223403,3187 3330 5841,Karnataka,District 13,Village 55,26.797836,84.252907,4.96,maize,7.93,0.416,-0.066,21.3,0,0,28.1,0,26.8,True,2025-01-27T12:54:34.499194
FRM000124,Farmer 124,+916062858463,2647 7038 6164,Karnataka,District 17,Village 85,22.823991,82.328313,3.6,maize,9.88,0.578,0.132,37.6,0,8,6.9,1,18.7,True,2025-07-14T12:54:34.499515
FRM000125,Farmer 125,+916652577800,1018 3242 7318,Haryana,District 10,Village 65,18.178415,76.043032,3.32,maize,11.27,0.49,-0.026,23.2,0,9,20.9,0,7.7,True,2024-12-06T12:54:34.499817
FRM000126,Farmer 126,+912690640008,9442 2788 8374,Karnataka,District 11,Village 32,16.714287,81.942413,8.77,cotton,32.54,0.593,-0.115,10.6,0,28,16.0,1,26.6,True,2025-02-16T12:54:34.500114
FRM000127,Farmer 127,+912487121755,3763 7328 6991,Punjab,District 4,Village 79,17.751633,83.114662,7.45,maize,29.35,0.714,-0.01,37.4,0,43,13.3,1,23.7,True,2025-04-19T12:54:34.500431
FRM000128,Farmer 128,+913391081783,6255 1249 7457,Punjab,District 5,Village 45,20.587999,72.893278,9.83,maize,30.23,0.582,0.147,-26.8,0,41,13.0,0,18.8,True,2025-01-11T12:54:34.500732
FRM000129,Farmer 129,+919394459957,1615 6944 8404,Haryana,District 2,Village 94,24.081176,77.63112,7.71,cotton,11.95,0.414,0.064,-11.3,0,27,14.8,0,14.4,True,2025-04-17T12:54:34.501030
FRM000130,Farmer 130,+912049365964,2230 8647 5933,Haryana,District 5,Village 84,22.998771,80.277902,5.32,maize,11.47,0.342,0.059,-11.7,0,17,29.0,0,28.4,True,2025-05-05T12:54:34.501329
FRM000131,Farmer 131,+916751170553,9490 1956 7623,Maharashtra,District 10,Village 67,28.321773,76.228778,2.56,rice,8.01,0.445,-0.025,38.8,0,45,21.7,0,45.1,True,2024-12-13T12:54:34.501630
FRM000132,Farmer 132,+913692244928,1067 6660 5478,Karnataka,District 19,Village 43,28.74905,81.180061,3.52,cotton,17.13,0.79,0.105,-9.4,0,47,12.8,0,2.8,True,2025-09-12T12:54:34.502303
FRM000133,Farmer 133,+918165176446,2448 1570 3904,Uttar Pradesh,District 9,Village 54,27.066211,81.296302,6.0,rice,20.96,0.778,-0.036,-12.9,0,4,29.9,1,33.2,True,2024-12-21T12:54:34.502657
FRM000134,Farmer 134,+915352791405,4875 8605 9135,Maharashtra,District 12,Village 40,25.494594,82.896015,4.43,rice,9.81,0.323,0.024,-4.7,0,49,5.5,1,31.3,True,2025-01-30T12:54:34.503036
FRM000135,Farmer 135,+917822349068,8431 2230 4805,Maharashtra,District 14,Village 20,17.949804,81.586539,0.8,wheat,2.39,0.347,0.032,38.1,0,42,10.3,1,44.5,True,2025-04-08T12:54:34.503392
FRM000136,Farmer 136,+914324877776,7026 9301 1191,Maharashtra,District 8,Village 93,29.135752,72.972676,8.26,rice,37.04,0.816,-0.124,-11.4,0,43,9.2,0,4.7,True,2024-12-10T12:54:34.503843
FRM000137,Farmer 137,+911645977260,4136 4318 3782,Maharashtra,District 10,Village 57,17.32388,73.075579,8.35,maize,23.22,0.495,-0.059,47.5,0,3,8.7,0,43.5,True,2025-08-11T12:54:34.504298
FRM000138,Farmer 138,+919418526821,6558 1186 3535,Haryana,District 13,Village 81,26.477405,84.22545,4.86,rice,19.6,0.616,0.05,27.7,0,14,6.1,0,29.0,True,2025-04-10T12:54:34.504738
FRM000139,Farmer 139,+912515576785,5482 1698 8243,Uttar Pradesh,District 17,Village 59,17.779055,75.62236,7.49,wheat,24.69,0.778,-0.029,47.0,0,12,21.5,0,29.4,True,2025-02-11T12:54:34.505295
FRM000140,Farmer 140,+910530007971,6850 5204 8446,Karnataka,District 14,Village 72,15.802717,76.894894,2.16,rice,8.34,0.421,-0.085,37.4,0,21,23.8,1,30.8,True,2025-03-06T12:54:34.505906
FRM000141,Farmer 141,+911446072383,3761 4435 7622,Haryana,District 1,Village 57,20.637075,81.205584,7.97,cotton,28.39,0.304,0.082,20.2,0,17,17.8,1,46.9,True,2025-01-21T12:54:34.506412
FRM000142,Farmer 142,+916009447675,9100 9684 1191,Punjab,District 19,Village 54,27.021687,77.097216,8.06,rice,33.36,0.419,-0.049,-3.4,0,7,12.0,0,20.2,True,2025-05-09T12:54:34.506882
FRM000143,Farmer 143,+914233590393,8737 4359 4176,Punjab,District 4,Village 60,19.434818,80.055007,2.73,rice,7.38,0.317,0.138,16.8,0,27,19.9,1,11.2,True,2025-09-03T12:54:34.507415
FRM000144,Farmer 144,+917768129759,2096 9002 5247,Maharashtra,District 5,Village 67,15.927127,73.200687,3.73,wheat,6.63,0.544,-0.072,-15.7,0,11,9.6,0,46.6,True,2025-02-15T12:54:34.508132
FRM000145,Farmer 145,+911294830354,7589 3044 3341,Punjab,District 15,Village 52,16.605858,77.720755,0.57,maize,1.27,0.665,-0.027,-9.8,0,19,23.9,0,16.3,True,2025-01-27T12:54:34.508529
FRM000146,Farmer 146,+911983076494,1310 5538 2260,Karnataka,District 6,Village 93,24.855457,83.679024,6.04,rice,17.32,0.495,-0.136,-28.2,0,26,28.3,1,29.2,True,2025-05-12T12:54:34.509135
FRM000147,Farmer 147,+918694716380,6558 9469 5647,Uttar Pradesh,District 5,Village 1,18.693662,77.506123,6.15,rice,25.13,0.318,0.048,3.2,0,25,24.7,1,28.9,True,2025-01-08T12:54:34.509739
FRM000148,Farmer 148,+915275047254,8984 1406 8384,Haryana,District 2,Village 26,27.518864,76.658351,3.91,rice,17.15,0.751,-0.007,-14.9,0,46,6.3,0,9.5,True,2025-01-26T12:54:34.510222
FRM000149,Farmer 149,+912022332977,7524 2073 6184,Haryana,District 3,Village 32,26.603582,72.572525,4.37,rice,9.03,0.661,0.141,6.2,0,12,10.6,0,26.6,True,2025-06-14T12:54:34.510808
FRM000150,Farmer 150,+915778617672,5198 2001 6244,Haryana,District 16,Village 99,28.189953,79.241527,5.61,rice,13.87,0.419,-0.064,5.6,0,15,6.0,0,10.1,True,2025-02-12T12:54:34.511112
FRM000151,Farmer 151,+919179849357,4962 4177 4722,Haryana,District 11,Village 17,20.685607,83.89579,0.91,wheat,3.85,0.519,-0.017,39.4,0,29,18.5,1,22.7,True,2025-08-21T12:54:34.511362
FRM000152,Farmer 152,+916010886924,3931 3971 3017,Maharashtra,District 13,Village 25,15.386544,79.845874,2.72,maize,6.09,0.771,0.096,-5.9,0,21,24.6,0,49.5,True,2025-09-12T12:54:34.511675
FRM000153,Farmer 153,+910189150212,2012 9378 2881,Haryana,District 16,Village 6,29.223773,75.959831,1.3,wheat,3.74,0.355,-0.145,16.2,0,33,6.9,0,41.8,True,2024-11-26T12:54:34.512003
FRM000154,Farmer 154,+910073474935,7543 6901 1969,Haryana,District 7,Village 52,15.758597,77.539576,6.09,cotton,17.61,0.836,0.013,-22.5,0,7,27.6,0,28.4,True,2025-07-24T12:54:34.512282
FRM000155,Farmer 155,+915145326153,3581 1691 1931,Karnataka,District 9,Village 19,19.022616,76.693971,7.41,rice,23.68,0.682,0.016,-28.4,0,36,24.0,0,9.2,True,2025-10-18T12:54:34.512537
FRM000156,Farmer 156,+919632928424,1287 6953 5282,Maharashtra,District 10,Village 2,16.218445,84.903563,6.89,wheat,30.25,0.67,0.097,-10.3,0,10,14.0,1,15.0,True,2025-05-15T12:54:34.512784
FRM000157,Farmer 157,+910496197329,5042 8498 7636,Punjab,District 3,Village 12,15.602083,83.568874,5.26,maize,19.75,0.313,-0.021,-22.1,0,20,24.5,0,41.3,True,2025-05-14T12:54:34.513032
FRM000158,Farmer 158,+915945583181,6593 7155 6543,Uttar Pradesh,District 9,Village 76,19.857294,80.594829,6.15,wheat,22.19,0.675,0.023,-7.1,0,24,5.5,0,47.3,True,2024-12-14T12:54:34.513310
FRM000159,Farmer 159,+914367494171,6247 5427 7135,Haryana,District 6,Village 36,20.968263,82.477726,1.28,rice,3.07,0.315,0.039,-7.4,0,23,17.3,1,40.7,True,2025-06-05T12:54:34.513570
FRM000160,Farmer 160,+916506608514,4866 1371 7998,Karnataka,District 8,Village 78,19.887352,73.66107,9.05,maize,38.68,0.672,0.054,44.6,0,31,23.9,0,46.4,True,2024-12-25T12:54:34.514046
FRM000161,Farmer 161,+915148760366,5078 2367 5042,Punjab,District 16,Village 99,16.275846,79.135346,0.63,cotton,1.66,0.605,-0.106,-40.8,0,12,28.9,0,26.7,True,2025-11-05T12:54:34.514592
FRM000162,Farmer 162,+913386325258,2499 3158 6162,Uttar Pradesh,District 19,Village 72,24.999256,73.554306,8.22,wheat,21.73,0.468,-0.029,17.3,0,28,22.4,0,37.4,True,2025-05-09T12:54:34.514890
FRM000163,Farmer 163,+915125350902,2466 4957 2966,Haryana,District 7,Village 11,15.721385,75.843646,1.53,wheat,4.85,0.622,0.012,-41.4,0,38,29.4,0,5.2,True,2024-12-01T12:54:34.515192
FRM000164,Farmer 164,+913069586618,5633 1920 8008,Maharashtra,District 4,Village 14,19.545263,84.565118,2.3,rice,9.12,0.606,-0.042,41.1,0,23,28.1,1,42.0,True,2024-12-26T12:54:34.515593
FRM000165,Farmer 165,+916896501089,2464 1390 6615,Maharashtra,District 18,Village 91,24.723502,72.798802,9.98,cotton,30.75,0.495,-0.03,-38.5,0,37,14.7,1,23.2,True,2025-01-21T12:54:34.516033
FRM000166,Farmer 166,+911381234069,9111 4715 8837,Punjab,District 11,Village 66,20.182213,82.439154,2.04,rice,7.9,0.321,0.036,19.8,0,6,19.9,1,29.7,True,2025-08-09T12:54:34.516332
FRM000167,Farmer 167,+914890945685,1404 2184 9938,Maharashtra,District 15,Village 2,22.04278,77.494528,7.94,maize,19.62,0.817,-0.113,37.5,1,44,14.9,1,40.5,True,2025-05-29T12:54:34.516700
FRM000168,Farmer 168,+917515986846,6882 6982 6798,Karnataka,District 19,Village 49,23.820007,76.590338,1.61,cotton,3.12,0.404,-0.012,25.2,0,43,6.2,1,41.7,True,2025-03-05T12:54:34.517036
FRM000169,Farmer 169,+912552277693,5270 7019 1556,Karnataka,District 8,Village 87,26.134403,75.174101,8.29,wheat,36.35,0.733,-0.065,33.7,0,14,20.6,0,8.9,True,2025-11-09T12:54:34.517469
FRM000170,Farmer 170,+917708180983,3936 4862 6649,Uttar Pradesh,District 13,Village 43,19.955872,79.65979,8.84,rice,30.53,0.828,-0.135,-40.2,0,40,27.6,0,23.7,True,2024-12-26T12:54:34.517827
FRM000171,Farmer 171,+917576483511,5041 3038 5270,Haryana,District 12,Village 77,16.476363,84.437366,6.89,maize,14.43,0.33,-0.051,26.6,0,31,5.6,0,10.5,True,2025-08-03T12:54:34.518113
FRM000172,Farmer 172,+911602304921,1126 6602 2191,Punjab,District 16,Village 38,17.713379,82.389054,6.65,cotton,29.62,0.479,0.056,46.2,0,23,15.0,0,49.0,True,2024-12-27T12:54:34.518385
FRM000173,Farmer 173,+916616048661,4159 5530 1681,Maharashtra,District 7,Village 50,18.124731,76.620711,9.97,wheat,19.67,0.672,-0.031,-36.7,0,21,27.0,1,49.6,True,2024-12-20T12:54:34.518650
FRM000174,Farmer 174,+919185855172,6622 9052 2378,Uttar Pradesh,District 1,Village 24,25.410261,74.375765,7.1,cotton,24.76,0.738,0.071,11.0,0,22,12.9,1,4.9,True,2025-11-06T12:54:34.519112
FRM000175,Farmer 175,+915280920176,6521 9536 9236,Punjab,District 6,Village 21,27.125923,79.951403,3.94,wheat,7.63,0.439,0.043,-22.4,0,42,19.7,0,32.1,True,2025-07-26T12:54:34.519608
FRM000176,Farmer 176,+910283464311,4676 3572 7915,Punjab,District 10,Village 74,19.632034,75.815952,1.27,wheat,2.3,0.395,0.005,-28.6,0,8,20.1,0,43.4,True,2025-05-20T12:54:34.520052
FRM000177,Farmer 177,+913615766764,2174 1178 3244,Punjab,District 18,Village 20,18.585996,81.854525,8.86,cotton,14.81,0.427,0.119,-24.4,0,41,26.5,0,34.4,True,2025-04-03T12:54:34.520480
FRM000178,Farmer 178,+912783862602,3917 6731 8686,Punjab,District 19,Village 49,18.48337,77.26923,2.23,cotton,10.89,0.536,0.04,22.6,0,34,15.7,1,37.8,True,2025-07-04T12:54:34.520761
FRM000179,Farmer 179,+918607921252,8769 1687 5661,Uttar Pradesh,District 7,Village 94,16.462615,83.09328,2.86,cotton,7.47,0.745,0.113,-19.8,0,26,24.6,0,45.8,True,2025-01-14T12:54:34.521230
FRM000180,Farmer 180,+915668940134,7120 6818 1382,Uttar Pradesh,District 17,Village 99,27.895194,84.473138,9.48,maize,24.61,0.772,-0.11,20.5,0,3,20.6,1,16.7,True,2025-10-08T12:54:34.521693
FRM000181,Farmer 181,+915136728177,9543 2907 7924,Uttar Pradesh,District 1,Village 34,19.594515,76.239402,7.24,maize,13.53,0.761,0.051,19.7,0,16,12.6,0,31.4,True,2025-09-07T12:54:34.522179
FRM000182,Farmer 182,+913445241900,9633 3550 5225,Punjab,District 4,Village 85,24.947194,79.739763,2.13,maize,4.44,0.554,-0.14,-37.8,0,13,29.6,0,5.5,True,2024-12-10T12:54:34.522980
FRM000183,Farmer 183,+911650160007,8299 4153 8450,Punjab,District 11,Village 59,22.69469,75.658109,9.96,wheat,30.11,0.806,-0.046,-44.5,0,4,26.6,0,28.6,True,2025-10-24T12:54:34.523521
FRM000184,Farmer 184,+916901652919,4779 3118 7391,Maharashtra,District 18,Village 7,20.118667,77.774384,2.73,rice,11.25,0.805,-0.118,-26.7,0,23,6.0,0,40.5,True,2025-02-02T12:54:34.525142
FRM000185,Farmer 185,+915705007625,4768 8995 9802,Haryana,District 11,Village 84,20.059959,82.757808,5.61,wheat,27.92,0.772,-0.121,20.6,0,46,15.1,0,41.3,True,2025-07-22T12:54:34.525708
FRM000186,Farmer 186,+918121034540,1178 7362 9683,Uttar Pradesh,District 8,Village 26,25.76899,75.686903,3.64,rice,6.81,0.824,-0.132,-20.2,0,13,21.9,1,46.0,True,2024-12-24T12:54:34.526180
FRM000187,Farmer 187,+912191045583,9320 1437 5846,Punjab,District 6,Village 83,23.16833,74.078437,8.45,maize,27.52,0.308,0.091,48.1,0,43,12.2,0,20.9,True,2025-10-11T12:54:34.526519
FRM000188,Farmer 188,+916922610886,7726 8481 7430,Haryana,District 18,Village 43,16.630238,84.756349,2.49,rice,6.02,0.833,0.07,20.0,0,26,28.7,0,38.6,True,2025-08-12T12:54:34.526873
FRM000189,Farmer 189,+918019131686,7587 1992 7858,Karnataka,District 10,Village 25,23.465931,84.128436,3.48,rice,12.96,0.496,-0.105,9.6,0,16,15.6,1,33.6,True,2025-08-16T12:54:34.527284
FRM000190,Farmer 190,+911794416790,3321 1495 3148,Uttar Pradesh,District 13,Village 82,20.142584,73.44934,1.33,maize,2.93,0.6,-0.088,4.4,0,1,14.9,0,41.0,True,2025-11-08T12:54:34.527662
FRM000191,Farmer 191,+918990142109,1786 5368 9096,Punjab,District 12,Village 49,26.158578,83.949704,1.59,rice,2.41,0.576,0.025,7.9,0,12,11.4,0,12.9,True,2025-05-25T12:54:34.527964
FRM000192,Farmer 192,+915976536899,8328 5633 4192,Uttar Pradesh,District 13,Village 84,21.689333,72.260302,4.62,cotton,20.65,0.5,0.088,44.1,0,45,18.6,0,37.8,True,2025-09-23T12:54:34.528239
FRM000193,Farmer 193,+913719866013,2299 6818 7701,Maharashtra,District 3,Village 55,16.851748,74.67774,5.55,cotton,16.01,0.637,0.092,-20.0,1,32,22.7,0,23.4,True,2025-03-02T12:54:34.528496
FRM000194,Farmer 194,+916253446429,1534 4364 2032,Haryana,District 15,Village 3,23.959686,77.117262,8.63,maize,25.57,0.47,0.131,1.6,0,35,8.0,0,41.2,True,2025-08-24T12:54:34.528764
FRM000195,Farmer 195,+919900220639,6204 8288 4203,Punjab,District 18,Village 69,16.390722,78.918897,5.42,wheat,22.33,0.76,0.061,42.9,0,13,11.6,1,11.3,True,2025-11-06T12:54:34.529023
FRM000196,Farmer 196,+917395145416,7998 6413 2269,Maharashtra,District 12,Village 86,25.920184,82.57092,7.74,wheat,27.64,0.406,0.05,12.3,0,8,15.2,0,8.5,True,2025-10-12T12:54:34.529307
FRM000197,Farmer 197,+918399839998,5938 3838 1737,Haryana,District 8,Village 87,21.437242,72.973646,0.97,wheat,3.58,0.335,-0.053,17.3,0,5,20.4,0,25.2,True,2025-02-11T12:54:34.529580
FRM000198,Farmer 198,+913019930783,7353 5957 4381,Punjab,District 16,Village 65,20.501975,73.293431,8.52,maize,20.6,0.532,-0.138,-5.1,0,17,13.3,0,7.1,True,2025-07-08T12:54:34.529830
FRM000199,Farmer 199,+911451469976,9445 6307 9520,Haryana,District 15,Village 13,26.276562,83.781036,1.03,maize,3.31,0.802,0.033,4.6,0,28,10.5,0,6.9,True,2025-11-20T12:54:34.530070
FRM000200,Farmer 200,+919464067637,7479 7964 9075,Haryana,District 5,Village 97,26.346766,78.164053,7.33,cotton,17.97,0.474,0.103,-2.4,0,27,21.9,0,10.8,True,2025-04-19T12:54:34.530371
